old,new
228i Conv SULEV,228i 
228i Convertible,228i 
228i Coupe,228i 
228i Coupe S,228i 
228i Coupe SULEV,228i 
228i xDrive Conv SULEV,228i 
228i xDrive Convertible,228i 
228i xDrive Coupe,228i 
228i xDrive Coupe S,228i 
228xi Coupe SULEV,228xi 
230i Conv SULEV,230i 
230i Coupe SULEV,230i 
230i xDrive Conv SULEV,230i 
230i xDrive Coupe SULEV,230i 
320i Sedan,320i 
320i Sedan SA,320i 
320i xDrive Sedan,320i 
320i xDrive Sedan SA,320i 
328d Sedan,328d 
328d xDrive Sedan,328d 
328d xDrive Sports Wagon,328d 
328i SA SULEV,328i 
328i Sedan,328i 
328i Sedan SA,328i 
328i Sedan SA SULEV,328i 
328i Sedan SULEV,328i 
328i XDrive Sports Wagon,328i 
328i xDrive Gran Turismo,328i 
328i xDrive Gran Turismo SULEV,328i 
328i xDrive SA,328i 
328i xDrive SA SULEV,328i 
328i xDrive SULEV,328i 
328i xDrive Sedan,328i 
328i xDrive Sedan SA,328i 
328i xDrive Sedan SA SULEV,328i 
328i xDrive Sedan SULEV,328i 
328i xDrive Sedan SULEV SA,328i 
328i xDrive Sports Wagon,328i 
330e Sedan,330e 
330e iPerformance,330e 
330i SULEV SA,330i 
330i Sedan SULEV,330i 
330i xDrive Gran Turismo SULEV,330i 
330i xDrive Sedan SULEV,330i 
330i xDrive Sedan SULEV SA,330i 
330i xDrive Sports Wagon SULEV,330i 
335i Sedan,335i 
335i Sedan SA,335i 
335i xDrive,335i 
335i xDrive Gran Turismo,335i 
335i xDrive SA,335i 
335i xDrive Sedan,335i 
335i xDrive Sedan SA,335i 
340i Sedan,340i 
340i Sedan SA,340i 
340i Sedan South Africa,340i 
340i xDrive Gran Turismo,340i 
340i xDrive Sedan,340i 
340i xDrive Sedan SA,340i 
428i Convertible,428i 
428i Convertible SULEV,428i 
428i Coupe,428i 
428i Coupe SULEV,428i 
428i Gran Coupe,428i 
428i Gran Coupe SULEV,428i 
428i Gran Coupe Sulev,428i 
428i xDrive Convertible,428i 
428i xDrive Convertible SULEV,428i 
428i xDrive Convertible Sulev,428i 
428i xDrive Coupe,428i 
428i xDrive Coupe SULEV,428i 
428i xDrive Gran Coupe,428i 
428i xDrive Gran Coupe SULEV,428i 
428i xDrive Gran Coupe Sulev,428i 
430i Convertible SULEV,430i 
430i Coupe SULEV,430i 
430i Gran Coupe SULEV,430i 
430i xDrive Convertible SULEV,430i 
430i xDrive Coupe SULEV,430i 
430i xDrive Gran Coupe SULEV,430i 
435i Convertible,435i 
435i Coupe,435i 
435i Gran Coupe,435i 
435i xDrive Convertible,435i 
435i xDrive Coupe,435i 
435i xDrive Gran Coupe,435i 
440i Convertible,440i 
440i Coupe,440i 
440i Gran Coupe,440i 
440i xDrive Convertible,440i 
440i xDrive Coupe,440i 
440i xDrive Gran Coupe,440i 
4RUNNER,4RUNNER
4RUNNER 2W,4RUNNER 
4RUNNER 4W,4RUNNER 
528i Sedan,528i 
528i xDrive Sedan,528i 
535I Gran Turismo,535I 
535d Sedan,535d 
535d xDrive Sedan,535d 
535i Gran Turismo,535i 
535i Sedan,535i 
535i xDrive Gran Turismo,535i 
535i xDrive Sedan,535i 
550i Gran Turismo,550i 
550i Sedan,550i 
550i xDrive Gran Turismo,550i 
550i xDrive Sedan,550i 
640i Convertible,640i 
640i Coupe,640i 
640i Gran Coupe,640i 
640i xDrive Convertible,640i 
640i xDrive Coupe,640i 
640i xDrive Gran Coupe,640i 
650i Convertible,650i 
650i Coupe,650i 
650i Gran Coupe,650i 
650i xDrive Convertible,650i 
650i xDrive Coupe,650i 
650i xDrive Gran Coupe,650i 
740Ld xDrive Sedan,740Ld 
740Li Sedan,740Li 
740Li xDrive Sedan,740Li 
740i Sedan,740i 
740i xDrive Sedan,740i 
750Li Sedan,750Li 
750Li xDrive Sedan,750Li 
750i Sedan,750i 
750i xDrive Sedan,750i 
86,86
ACADIA,ACADIA
ACADIA LIMITED,ACADIA 
ALPINA B7 xDRIVE SEDAN,ALPINA 
ATS,ATS
ATS-V,ATS-V
AVALON,AVALON
AVALON HYB,AVALON 
ActiveHybrid 3,ActiveHybrid 
ActiveHybrid 5,ActiveHybrid 
Alpina B6 xDrive Gran Coupe,Alpina 
Alpina B7 LWB,Alpina 
C-Max,C-Max
C0R0LLA,C0R0LLA
C250C,C250C
C300A,C300A
C300A4,C300A4
C300C,C300C
C300C4,C300C4
C300W,C300W
C300W4,C300W4
C350C4,C350C4
C350WE,C350WE
C400W4,C400W4
C43A4,C43A4
C43C4,C43C4
C43W4,C43W4
C450W4,C450W4
C63A,C63A
C63AS,C63AS
C63C,C63C
C63CS,C63CS
C63P,C63P
C63W,C63W
C63WS,C63WS
CAMARO,CAMARO
CAMRY,CAMRY
CAMRY SPEC,CAMRY 
CANYON,CANYON
CASCADA,CASCADA
CL550C4,CL550C4
CL63,CL63
CLA250C,CLA250C
CLA250C4,CLA250C4
CLA45,CLA45
CLA45C4,CLA45C4
CLS400C,CLS400C
CLS400C4,CLS400C4
CLS550C,CLS550C
CLS550C4,CLS550C4
CLS63,CLS63
CLS63C4S,CLS63C4S
CLS63P,CLS63P
COLORADO,COLORADO
COROLLA,COROLLA
COROLLA IM,COROLLA 
CORVETTE,CORVETTE
CRUZE,CRUZE
CRUZE LIMITED,CRUZE 
CT6,CT6
CTS,CTS
CTS-V,CTS-V
Continental,Continental
E300W,E300W
E300W4,E300W4
E350S4,E350S4
E350W,E350W
E350W4,E350W4
E400A,E400A
E400C,E400C
E400C4,E400C4
E400W,E400W
E400W4,E400W4
E43W4,E43W4
E550A,E550A
E550C,E550C
E550W4,E550W4
E63,E63
E63P,E63P
E63S4S,E63S4S
E63SP,E63SP
E63W4S,E63W4S
ELR,ELR
ENCLAVE,ENCLAVE
ENCORE,ENCORE
ENVISION,ENVISION
EQUINOX,EQUINOX
ESCALADE,ESCALADE
Edge,Edge
Escape,Escape
Expedition,Expedition
Explorer,Explorer
F-150,F-150
F-250,F-250
F-350,F-350
FJ CRUISER,FJ 
FR-S,FR-S
Fiesta,Fiesta
Flex,Flex
Focus,Focus
Fusion,Fusion
G550,G550
G550W4,G550W4
G63,G63
G63W4,G63W4
G65W4,G65W4
GL450,GL450
GL450W4,GL450W4
GL550,GL550
GL550W4,GL550W4
GL63,GL63
GL63W4,GL63W4
GLA250W,GLA250W
GLA250W2,GLA250W2
GLA250W4,GLA250W4
GLA45,GLA45
GLA45W4,GLA45W4
GLC300C4,GLC300C4
GLC300W,GLC300W
GLC300W4,GLC300W4
GLC43W4,GLC43W4
GLE350W,GLE350W
GLE350W4,GLE350W4
GLE400W4,GLE400W4
GLE43C4,GLE43C4
GLE450C4,GLE450C4
GLE550E4,GLE550E4
GLE63C4S,GLE63C4S
GLE63W4,GLE63W4
GLE63W4S,GLE63W4S
GLS450W4,GLS450W4
GLS550W4,GLS550W4
GLS63W4,GLS63W4
GT,GT
GTS,GTS
HIGHLANDER,HIGHLANDER
IA,IA
IM,IM
IMPALA,IMPALA
LACROSSE,LACROSSE
LAND CRUIS,LAND 
M2 COUPE,M2 
M2 Coupe,M2 
M235i Convertible,M235i 
M235i Coupe,M235i 
M235i xDrive Convertible,M235i 
M235i xDrive Coupe,M235i 
M240i Convertible,M240i 
M240i Coupe,M240i 
M240i xDrive Convertible,M240i 
M240i xDrive Coupe,M240i 
M3 Sedan,M3 
M4 Convertible,M4 
M4 Coupe,M4 
M5 Sedan,M5 
M6 Convertible,M6 
M6 Coupe,M6 
M6 Gran Coupe,M6 
MALIBU,MALIBU
MALIBU LIMITED,MALIBU 
MKC,MKC
MKS,MKS
MKT,MKT
MKX,MKX
MKZ,MKZ
ML350W2,ML350W2
ML350W4,ML350W4
ML400W4,ML400W4
ML550,ML550
ML63,ML63
Mustang,Mustang
Navigator,Navigator
PRIUS,PRIUS
PRIUS C,PRIUS 
PRIUS TOUR,PRIUS 
PRIUS V,PRIUS 
RAV 4,RAV 
RAV4,RAV4
RAV4 2WD,RAV4 
RAV4 4WD,RAV4 
RAV4 HYBRI,RAV4 
REGAL,REGAL
S550A,S550A
S550C4,S550C4
S550H,S550H
S550V,S550V
S550V4,S550V4
S550VE,S550VE
S600V,S600V
S63,S63
S63A4,S63A4
S63C4,S63C4
S63V4,S63V4
S65C,S65C
S65V,S65V
SEQUOIA,SEQUOIA
SEQUOIA 4W,SEQUOIA 
SEQUOIA 4X,SEQUOIA 
SIENNA,SIENNA
SIENNA 2WD,SIENNA 
SIENNA AWD,SIENNA 
SIENNA L 3,SIENNA 
SIENNA LE,SIENNA 
SIENNA LTD,SIENNA 
SIENNA SE,SIENNA 
SIENNA XLE,SIENNA 
SIERRA,SIERRA
SILVERADO,SILVERADO
SILVERADO 1500 2WD,SILVERADO 
SL400,SL400
SL450R,SL450R
SL550,SL550
SL550R,SL550R
SL63,SL63
SL63R,SL63R
SL65,SL65
SLC300R,SLC300R
SLC43R,SLC43R
SLK250,SLK250
SLK300,SLK300
SLK350,SLK350
SLK55,SLK55
SONIC,SONIC
SPARK EV,SPARK 
SRX,SRX
SUBURBAN,SUBURBAN
T-150,T-150
T-350,T-350
TACOMA,TACOMA
TACOMA 2WD,TACOMA 
TACOMA 4WD,TACOMA 
TACOMA 4X2,TACOMA 
TACOMA LIM,TACOMA 
TACOMA OFF,TACOMA 
TACOMA PRE,TACOMA 
TACOMA SR,TACOMA 
TACOMA SR5,TACOMA 
TACOMA TRD,TACOMA 
TAHOE,TAHOE
TC,TC
TERRAIN,TERRAIN
TRAVERSE,TRAVERSE
TRAX,TRAX
TUNDRA,TUNDRA
TUNDRA 2WD,TUNDRA 
TUNDRA 4WD,TUNDRA 
TUNDRA 4X2,TUNDRA 
TUNDRA 4X4,TUNDRA 
TUNDRA TRD,TUNDRA 
Taurus,Taurus
Transit Connect,Transit 
VENZA 2WD,VENZA 
VERANO,VERANO
VOLT,VOLT
X1 sDrive28i,X1 
X1 xDr28iBR,X1 
X1 xDrive 28i,X1 
X1 xDrive28i,X1 
X1 xDrive35i,X1 
X3 sDrive 28i,X3 
X3 sDrive28i,X3 
X3 xDrive28d,X3 
X3 xDrive28i,X3 
X3 xDrive35i,X3 
X4 M40i,X4 
X4 xDrive M40i,X4 
X4 xDrive28i,X4 
X4 xDrive35i,X4 
X5 M,X5 
X5 sDrive35i,X5 
X5 xDrive35d,X5 
X5 xDrive35i,X5 
X5 xDrive40e,X5 
X5 xDrive40e iPerformance,X5 
X5 xDrive50i,X5 
X6 M,X6 
X6 sDrive 35i,X6 
X6 sDrive35i,X6 
X6 xDrive 35i,X6 
X6 xDrive35i,X6 
X6 xDrive50i,X6 
XT5,XT5
XTS,XTS
YARIS,YARIS
YARIS IA,YARIS 
YUKON,YUKON
YUKON XL,YUKON 
Z4 sDrive28i,Z4 
Z4 sDrive35i,Z4 
Z4 sDrive35is,Z4 